Start Time,Duration,Run ID,Name,Source Type,Source Name,User,Status,column_selector,column_selector__cols,memory,preprocessor,preprocessor__n_jobs,preprocessor__numerical,preprocessor__numerical__converter,preprocessor__numerical__converter__accept_sparse,preprocessor__numerical__converter__check_inverse,preprocessor__numerical__converter__func,preprocessor__numerical__converter__inv_kw_args,preprocessor__numerical__converter__inverse_func,preprocessor__numerical__converter__kw_args,preprocessor__numerical__converter__validate,preprocessor__numerical__imputers,preprocessor__numerical__imputers__impute_mean,preprocessor__numerical__imputers__impute_mean__add_indicator,preprocessor__numerical__imputers__impute_mean__copy,preprocessor__numerical__imputers__impute_mean__fill_value,preprocessor__numerical__imputers__impute_mean__missing_values,preprocessor__numerical__imputers__impute_mean__strategy,preprocessor__numerical__imputers__impute_mean__verbose,preprocessor__numerical__imputers__n_jobs,preprocessor__numerical__imputers__remainder,preprocessor__numerical__imputers__sparse_threshold,preprocessor__numerical__imputers__transformer_weights,preprocessor__numerical__imputers__transformers,preprocessor__numerical__imputers__verbose,preprocessor__numerical__memory,preprocessor__numerical__steps,preprocessor__numerical__verbose,preprocessor__onehot,preprocessor__onehot__imputers,preprocessor__onehot__imputers__n_jobs,preprocessor__onehot__imputers__remainder,preprocessor__onehot__imputers__sparse_threshold,preprocessor__onehot__imputers__transformer_weights,preprocessor__onehot__imputers__transformers,preprocessor__onehot__imputers__verbose,preprocessor__onehot__memory,preprocessor__onehot__one_hot_encoder,preprocessor__onehot__one_hot_encoder__categories,preprocessor__onehot__one_hot_encoder__drop,preprocessor__onehot__one_hot_encoder__dtype,preprocessor__onehot__one_hot_encoder__handle_unknown,preprocessor__onehot__one_hot_encoder__sparse,preprocessor__onehot__steps,preprocessor__onehot__verbose,preprocessor__remainder,preprocessor__sparse_threshold,preprocessor__transformer_weights,preprocessor__transformers,preprocessor__verbose,regressor,regressor__alpha,regressor__average,regressor__base_score,regressor__booster,regressor__boosting_type,regressor__bootstrap,regressor__ccp_alpha,regressor__class_weight,regressor__colsample_bylevel,regressor__colsample_bynode,regressor__colsample_bytree,regressor__criterion,regressor__early_stopping,regressor__enable_categorical,regressor__epsilon,regressor__eta0,regressor__fit_intercept,regressor__gamma,regressor__gpu_id,regressor__importance_type,regressor__interaction_constraints,regressor__l1_ratio,regressor__lambda_l1,regressor__lambda_l2,regressor__learning_rate,regressor__loss,regressor__max_bin,regressor__max_delta_step,regressor__max_depth,regressor__max_features,regressor__max_iter,regressor__max_leaf_nodes,regressor__max_samples,regressor__min_child_samples,regressor__min_child_weight,regressor__min_impurity_decrease,regressor__min_impurity_split,regressor__min_samples_leaf,regressor__min_samples_split,regressor__min_split_gain,regressor__min_weight_fraction_leaf,regressor__missing,regressor__monotone_constraints,regressor__n_estimators,regressor__n_iter_no_change,regressor__n_jobs,regressor__num_leaves,regressor__num_parallel_tree,regressor__objective,regressor__oob_score,regressor__penalty,regressor__power_t,regressor__predictor,regressor__random_state,regressor__reg_alpha,regressor__reg_lambda,regressor__scale_pos_weight,regressor__shuffle,regressor__silent,regressor__splitter,regressor__subsample,regressor__subsample_for_bin,regressor__subsample_freq,regressor__tol,regressor__tree_method,regressor__validate_parameters,regressor__validation_fraction,regressor__verbose,regressor__verbosity,regressor__warm_start,standardizer,standardizer__copy,standardizer__with_mean,standardizer__with_std,steps,verbose,test_mae,test_mse,test_r2_score,test_rmse,test_score,training_mae,training_mse,training_r2_score,training_rmse,training_score,val_mae,val_mse,val_r2_score,val_rmse,val_score,estimator_class,estimator_name
2022-09-02 12:23:27,6.9s,6de0c22cf90345f584005e2af2b59cf5,xgboost,NOTEBOOK,Notebook: XGBoostRegressor,manujkumar.joshi@celebaltech.com,FINISHED,"ColumnSelector(cols=['review_scores_value', 'review_scores_checkin',
                     'bathrooms_na', 'review_scores_location',
                     'instant_bookable', 'bathrooms', 'review_scores_rating_na',
                     'beds_na', 'h...","['review_scores_value', 'review_scores_checkin', 'bathrooms_na', 'review_scores_location', 'instant_bookable', 'bathrooms', 'review_scores_rating_na', 'beds_na', 'host_is_superhost', 'neighbourhood_cleansed', 'beds', 'review_scores_cleanliness_na'...",None,"ColumnTransformer(remainder='passthrough', sparse_threshold=0,
                  transformers=[('numerical',
                                 Pipeline(steps=[('converter',
                                                  FunctionTransformer(func=...",None,"Pipeline(steps=[('converter',
                 FunctionTransformer(func=<function <lambda> at 0x7ff8e5548d30>)),
                ('imputers',
                 ColumnTransformer(sparse_threshold=0,
                                   transformers=[(...",FunctionTransformer(func=<function <lambda> at 0x7ff8e5548d30>),False,True,<function <lambda> at 0x7ff8e5548d30>,None,None,None,False,"ColumnTransformer(sparse_threshold=0,
                  transformers=[('impute_mean', SimpleImputer(),
                                 ['accommodates', 'bathrooms', 'beds',
                                  'host_total_listings_count', 'latitude'...",SimpleImputer(),False,True,None,nan,mean,0,None,drop,0,None,"[('impute_mean', SimpleImputer(), ['accommodates', 'bathrooms', 'beds', 'host_total_listings_count', 'latitude', 'longitude', 'minimum_nights', 'number_of_reviews', 'review_scores_rating'])]",False,None,"[('converter', FunctionTransformer(func=<function <lambda> at 0x7ff8e5548d30>)), ('imputers', ColumnTransformer(sparse_threshold=0,
                  transformers=[('impute_mean', SimpleImputer(),
                                 ['accommodates', ...",False,"Pipeline(steps=[('imputers',
                 ColumnTransformer(remainder='passthrough', sparse_threshold=0,
                                   transformers=[])),
                ('one_hot_encoder', OneHotEncoder(handle_unknown='ignore'))])","ColumnTransformer(remainder='passthrough', sparse_threshold=0, transformers=[])",None,passthrough,0,None,[],False,None,OneHotEncoder(handle_unknown='ignore'),auto,None,<class 'numpy.float64'>,ignore,True,"[('imputers', ColumnTransformer(remainder='passthrough', sparse_threshold=0, transformers=[])), ('one_hot_encoder', OneHotEncoder(handle_unknown='ignore'))]",False,passthrough,0,None,"[('numerical', Pipeline(steps=[('converter',
                 FunctionTransformer(func=<function <lambda> at 0x7ff8e5548d30>)),
                ('imputers',
                 ColumnTransformer(sparse_threshold=0,
                                   ...",False,"XGBRegressor(base_score=None, booster=None, colsample_bylevel=None,
             colsample_bynode=None, colsample_bytree=0.23642498999383274,
             enable_categorical=False, gamma=None, gpu_id=None,
             importance_type=None, intera...",,,None,None,,,,,None,None,0.23642498999383274,,,False,,,,None,None,None,None,,,,0.15774862656750194,,,None,9,,,,,,2,,,,,,,nan,None,268,,100,,None,reg:squarederror,,,,None,921183954,None,None,None,,,,0.6214874428665853,,,,None,None,,,0,,StandardScaler(),True,True,True,"[('column_selector', ColumnSelector(cols=['review_scores_value', 'review_scores_checkin',
                     'bathrooms_na', 'review_scores_location',
                     'instant_bookable', 'bathrooms', 'review_scores_rating_na',
             ...",False,95.6463938241178,129709.12943969265,0.11485033957745994,360.15153677263777,0.11485033957745994,60.367183726515975,32414.953038192398,0.6956468014246104,180.04153142592517,0.6956468014246104,84.63425088814857,69244.61504040714,0.2704843853597969,263.14371556320157,0.2704843853597969,sklearn.pipeline.Pipeline,Pipeline
2022-09-02 12:22:57,9.6s,3604d6fe2a234f35a14e46a829005a45,lightgbm,NOTEBOOK,Notebook: LightGBM,manujkumar.joshi@celebaltech.com,FINISHED,"ColumnSelector(cols=['review_scores_value', 'review_scores_checkin',
                     'bathrooms_na', 'review_scores_location',
                     'instant_bookable', 'bathrooms', 'review_scores_rating_na',
                     'beds_na', 'h...","['review_scores_value', 'review_scores_checkin', 'bathrooms_na', 'review_scores_location', 'instant_bookable', 'bathrooms', 'review_scores_rating_na', 'beds_na', 'host_is_superhost', 'neighbourhood_cleansed', 'beds', 'review_scores_cleanliness_na'...",None,"ColumnTransformer(remainder='passthrough', sparse_threshold=0,
                  transformers=[('numerical',
                                 Pipeline(steps=[('converter',
                                                  FunctionTransformer(func=...",None,"Pipeline(steps=[('converter',
                 FunctionTransformer(func=<function <lambda> at 0x7f7331c8aee0>)),
                ('imputers',
                 ColumnTransformer(sparse_threshold=0,
                                   transformers=[(...",FunctionTransformer(func=<function <lambda> at 0x7f7331c8aee0>),False,True,<function <lambda> at 0x7f7331c8aee0>,None,None,None,False,"ColumnTransformer(sparse_threshold=0,
                  transformers=[('impute_mean', SimpleImputer(),
                                 ['accommodates', 'bathrooms', 'beds',
                                  'host_total_listings_count', 'latitude'...",SimpleImputer(),False,True,None,nan,mean,0,None,drop,0,None,"[('impute_mean', SimpleImputer(), ['accommodates', 'bathrooms', 'beds', 'host_total_listings_count', 'latitude', 'longitude', 'minimum_nights', 'number_of_reviews', 'review_scores_rating'])]",False,None,"[('converter', FunctionTransformer(func=<function <lambda> at 0x7f7331c8aee0>)), ('imputers', ColumnTransformer(sparse_threshold=0,
                  transformers=[('impute_mean', SimpleImputer(),
                                 ['accommodates', ...",False,"Pipeline(steps=[('imputers',
                 ColumnTransformer(remainder='passthrough', sparse_threshold=0,
                                   transformers=[])),
                ('one_hot_encoder', OneHotEncoder(handle_unknown='ignore'))])","ColumnTransformer(remainder='passthrough', sparse_threshold=0, transformers=[])",None,passthrough,0,None,[],False,None,OneHotEncoder(handle_unknown='ignore'),auto,None,<class 'numpy.float64'>,ignore,True,"[('imputers', ColumnTransformer(remainder='passthrough', sparse_threshold=0, transformers=[])), ('one_hot_encoder', OneHotEncoder(handle_unknown='ignore'))]",False,passthrough,0,None,"[('numerical', Pipeline(steps=[('converter',
                 FunctionTransformer(func=<function <lambda> at 0x7f7331c8aee0>)),
                ('imputers',
                 ColumnTransformer(sparse_threshold=0,
                                   ...",False,"LGBMRegressor(colsample_bytree=0.6780360310979804,
              lambda_l1=0.10667372548479412, lambda_l2=294.3354505304734,
              learning_rate=1.104781410657554, max_bin=78, max_depth=4,
              min_child_samples=87, n_estimators=1...",,,,,gbdt,,,None,,,0.6780360310979804,,,,,,,,,split,,,0.10667372548479412,294.3354505304734,1.104781410657554,,78,,4,,,,,87,0.001,,,,,0.0,,,,104,,-1,99,,None,,,,,921183954,0.0,0.0,,,warn,,0.5734955409568837,200000,0,,,,,,,,StandardScaler(),True,True,True,"[('column_selector', ColumnSelector(cols=['review_scores_value', 'review_scores_checkin',
                     'bathrooms_na', 'review_scores_location',
                     'instant_bookable', 'bathrooms', 'review_scores_rating_na',
             ...",False,98.94216642526682,130036.74265098678,0.11261467024578231,360.60607683591076,0.11261467024578231,85.554228404703,76433.03015888832,0.28234857603347296,276.46524222565176,0.28234857603347296,87.32330304973306,70162.41364814517,0.2608150642862488,264.8818862212839,0.2608150642862488,sklearn.pipeline.Pipeline,Pipeline
2022-09-02 12:23:41,17.4s,c157895c8d6142c2903fdf05441d1c39,lightgbm,NOTEBOOK,Notebook: LightGBM,manujkumar.joshi@celebaltech.com,FINISHED,"ColumnSelector(cols=['review_scores_value', 'review_scores_checkin',
                     'bathrooms_na', 'review_scores_location',
                     'instant_bookable', 'bathrooms', 'review_scores_rating_na',
                     'beds_na', 'h...","['review_scores_value', 'review_scores_checkin', 'bathrooms_na', 'review_scores_location', 'instant_bookable', 'bathrooms', 'review_scores_rating_na', 'beds_na', 'host_is_superhost', 'neighbourhood_cleansed', 'beds', 'review_scores_cleanliness_na'...",None,"ColumnTransformer(remainder='passthrough', sparse_threshold=0,
                  transformers=[('numerical',
                                 Pipeline(steps=[('converter',
                                                  FunctionTransformer(func=...",None,"Pipeline(steps=[('converter',
                 FunctionTransformer(func=<function <lambda> at 0x7f204f91cd30>)),
                ('imputers',
                 ColumnTransformer(sparse_threshold=0,
                                   transformers=[(...",FunctionTransformer(func=<function <lambda> at 0x7f204f91cd30>),False,True,<function <lambda> at 0x7f204f91cd30>,None,None,None,False,"ColumnTransformer(sparse_threshold=0,
                  transformers=[('impute_mean', SimpleImputer(),
                                 ['accommodates', 'bathrooms', 'beds',
                                  'host_total_listings_count', 'latitude'...",SimpleImputer(),False,True,None,nan,mean,0,None,drop,0,None,"[('impute_mean', SimpleImputer(), ['accommodates', 'bathrooms', 'beds', 'host_total_listings_count', 'latitude', 'longitude', 'minimum_nights', 'number_of_reviews', 'review_scores_rating'])]",False,None,"[('converter', FunctionTransformer(func=<function <lambda> at 0x7f204f91cd30>)), ('imputers', ColumnTransformer(sparse_threshold=0,
                  transformers=[('impute_mean', SimpleImputer(),
                                 ['accommodates', ...",False,"Pipeline(steps=[('imputers',
                 ColumnTransformer(remainder='passthrough', sparse_threshold=0,
                                   transformers=[])),
                ('one_hot_encoder', OneHotEncoder(handle_unknown='ignore'))])","ColumnTransformer(remainder='passthrough', sparse_threshold=0, transformers=[])",None,passthrough,0,None,[],False,None,OneHotEncoder(handle_unknown='ignore'),auto,None,<class 'numpy.float64'>,ignore,True,"[('imputers', ColumnTransformer(remainder='passthrough', sparse_threshold=0, transformers=[])), ('one_hot_encoder', OneHotEncoder(handle_unknown='ignore'))]",False,passthrough,0,None,"[('numerical', Pipeline(steps=[('converter',
                 FunctionTransformer(func=<function <lambda> at 0x7f204f91cd30>)),
                ('imputers',
                 ColumnTransformer(sparse_threshold=0,
                                   ...",False,"LGBMRegressor(colsample_bytree=0.5141242700722711,
              lambda_l1=0.16435884012249308, lambda_l2=318.98592176888087,
              learning_rate=1.2738312462569032, max_bin=22, max_depth=8,
              min_child_samples=48, n_estimators...",,,,,gbdt,,,None,,,0.5141242700722711,,,,,,,,,split,,,0.16435884012249308,318.98592176888087,1.2738312462569032,,22,,8,,,,,48,0.001,,,,,0.0,,,,21,,-1,105,,None,,,,,921183954,0.0,0.0,,,warn,,0.5851251673035163,200000,0,,,,,,,,StandardScaler(),True,True,True,"[('column_selector', ColumnSelector(cols=['review_scores_value', 'review_scores_checkin',
                     'bathrooms_na', 'review_scores_location',
                     'instant_bookable', 'bathrooms', 'review_scores_rating_na',
             ...",False,97.24722218215894,133204.25833127383,0.09099918765870085,364.971585649176,0.09099918765870085,82.93253482833842,72388.89927422698,0.32032006927469336,269.05185238951054,0.32032006927469336,86.32306173431137,71632.6173513564,0.24532596729916079,267.64270464811176,0.24532596729916079,sklearn.pipeline.Pipeline,Pipeline
2022-09-02 12:23:41,23.7s,6efa26f447ee4b2f98451a982ecdd240,lightgbm,NOTEBOOK,Notebook: LightGBM,manujkumar.joshi@celebaltech.com,FINISHED,"ColumnSelector(cols=['review_scores_value', 'review_scores_checkin',
                     'bathrooms_na', 'review_scores_location',
                     'instant_bookable', 'bathrooms', 'review_scores_rating_na',
                     'beds_na', 'h...","['review_scores_value', 'review_scores_checkin', 'bathrooms_na', 'review_scores_location', 'instant_bookable', 'bathrooms', 'review_scores_rating_na', 'beds_na', 'host_is_superhost', 'neighbourhood_cleansed', 'beds', 'review_scores_cleanliness_na'...",None,"ColumnTransformer(remainder='passthrough', sparse_threshold=0,
                  transformers=[('numerical',
                                 Pipeline(steps=[('converter',
                                                  FunctionTransformer(func=...",None,"Pipeline(steps=[('converter',
                 FunctionTransformer(func=<function <lambda> at 0x7f2addfe1280>)),
                ('imputers',
                 ColumnTransformer(sparse_threshold=0,
                                   transformers=[(...",FunctionTransformer(func=<function <lambda> at 0x7f2addfe1280>),False,True,<function <lambda> at 0x7f2addfe1280>,None,None,None,False,"ColumnTransformer(sparse_threshold=0,
                  transformers=[('impute_mean', SimpleImputer(),
                                 ['accommodates', 'bathrooms', 'beds',
                                  'host_total_listings_count', 'latitude'...",SimpleImputer(),False,True,None,nan,mean,0,None,drop,0,None,"[('impute_mean', SimpleImputer(), ['accommodates', 'bathrooms', 'beds', 'host_total_listings_count', 'latitude', 'longitude', 'minimum_nights', 'number_of_reviews', 'review_scores_rating'])]",False,None,"[('converter', FunctionTransformer(func=<function <lambda> at 0x7f2addfe1280>)), ('imputers', ColumnTransformer(sparse_threshold=0,
                  transformers=[('impute_mean', SimpleImputer(),
                                 ['accommodates', ...",False,"Pipeline(steps=[('imputers',
                 ColumnTransformer(remainder='passthrough', sparse_threshold=0,
                                   transformers=[])),
                ('one_hot_encoder', OneHotEncoder(handle_unknown='ignore'))])","ColumnTransformer(remainder='passthrough', sparse_threshold=0, transformers=[])",None,passthrough,0,None,[],False,None,OneHotEncoder(handle_unknown='ignore'),auto,None,<class 'numpy.float64'>,ignore,True,"[('imputers', ColumnTransformer(remainder='passthrough', sparse_threshold=0, transformers=[])), ('one_hot_encoder', OneHotEncoder(handle_unknown='ignore'))]",False,passthrough,0,None,"[('numerical', Pipeline(steps=[('converter',
                 FunctionTransformer(func=<function <lambda> at 0x7f2addfe1280>)),
                ('imputers',
                 ColumnTransformer(sparse_threshold=0,
                                   ...",False,"LGBMRegressor(colsample_bytree=0.6560739468782836, lambda_l1=635.9195809795051,
              lambda_l2=108.97671357066004, learning_rate=0.01681943993943834,
              max_bin=87, max_depth=4, min_child_samples=354, n_estimators=822,
        ...",,,,,gbdt,,,None,,,0.6560739468782836,,,,,,,,,split,,,635.9195809795051,108.97671357066004,0.01681943993943834,,87,,4,,,,,354,0.001,,,,,0.0,,,,822,,-1,18,,None,,,,,921183954,0.0,0.0,,,warn,,0.673509259635974,200000,0,,,,,,,,StandardScaler(),True,True,True,"[('column_selector', ColumnSelector(cols=['review_scores_value', 'review_scores_checkin',
                     'bathrooms_na', 'review_scores_location',
                     'instant_bookable', 'bathrooms', 'review_scores_rating_na',
             ...",False,95.28616629209313,130828.40317380546,0.1072122899663841,361.70209174651654,0.1072122899663841,87.08809881230144,83622.9650351986,0.21484023583703715,289.1763562866069,0.21484023583703715,83.95982893552306,74284.20456313745,0.21739059249137582,272.55128794987826,0.21739059249137582,sklearn.pipeline.Pipeline,Pipeline
2022-09-02 12:24:14,6.5s,38195357e8ac46219489cbcce42f1193,lightgbm,NOTEBOOK,Notebook: LightGBM,manujkumar.joshi@celebaltech.com,FINISHED,"ColumnSelector(cols=['review_scores_value', 'review_scores_checkin',
                     'bathrooms_na', 'review_scores_location',
                     'instant_bookable', 'bathrooms', 'review_scores_rating_na',
                     'beds_na', 'h...","['review_scores_value', 'review_scores_checkin', 'bathrooms_na', 'review_scores_location', 'instant_bookable', 'bathrooms', 'review_scores_rating_na', 'beds_na', 'host_is_superhost', 'neighbourhood_cleansed', 'beds', 'review_scores_cleanliness_na'...",None,"ColumnTransformer(remainder='passthrough', sparse_threshold=0,
                  transformers=[('numerical',
                                 Pipeline(steps=[('converter',
                                                  FunctionTransformer(func=...",None,"Pipeline(steps=[('converter',
                 FunctionTransformer(func=<function <lambda> at 0x7fe5ded4dd30>)),
                ('imputers',
                 ColumnTransformer(sparse_threshold=0,
                                   transformers=[(...",FunctionTransformer(func=<function <lambda> at 0x7fe5ded4dd30>),False,True,<function <lambda> at 0x7fe5ded4dd30>,None,None,None,False,"ColumnTransformer(sparse_threshold=0,
                  transformers=[('impute_mean', SimpleImputer(),
                                 ['accommodates', 'bathrooms', 'beds',
                                  'host_total_listings_count', 'latitude'...",SimpleImputer(),False,True,None,nan,mean,0,None,drop,0,None,"[('impute_mean', SimpleImputer(), ['accommodates', 'bathrooms', 'beds', 'host_total_listings_count', 'latitude', 'longitude', 'minimum_nights', 'number_of_reviews', 'review_scores_rating'])]",False,None,"[('converter', FunctionTransformer(func=<function <lambda> at 0x7fe5ded4dd30>)), ('imputers', ColumnTransformer(sparse_threshold=0,
                  transformers=[('impute_mean', SimpleImputer(),
                                 ['accommodates', ...",False,"Pipeline(steps=[('imputers',
                 ColumnTransformer(remainder='passthrough', sparse_threshold=0,
                                   transformers=[])),
                ('one_hot_encoder', OneHotEncoder(handle_unknown='ignore'))])","ColumnTransformer(remainder='passthrough', sparse_threshold=0, transformers=[])",None,passthrough,0,None,[],False,None,OneHotEncoder(handle_unknown='ignore'),auto,None,<class 'numpy.float64'>,ignore,True,"[('imputers', ColumnTransformer(remainder='passthrough', sparse_threshold=0, transformers=[])), ('one_hot_encoder', OneHotEncoder(handle_unknown='ignore'))]",False,passthrough,0,None,"[('numerical', Pipeline(steps=[('converter',
                 FunctionTransformer(func=<function <lambda> at 0x7fe5ded4dd30>)),
                ('imputers',
                 ColumnTransformer(sparse_threshold=0,
                                   ...",False,"LGBMRegressor(colsample_bytree=0.40720214672236504,
              lambda_l1=12.747326907037772, lambda_l2=63.94251297938686,
              learning_rate=0.15933562435012394, max_bin=40, max_depth=2,
              min_child_samples=180, n_estimator...",,,,,gbdt,,,None,,,0.40720214672236504,,,,,,,,,split,,,12.747326907037772,63.94251297938686,0.15933562435012394,,40,,2,,,,,180,0.001,,,,,0.0,,,,26,,-1,373,,None,,,,,921183954,0.0,0.0,,,warn,,0.5761667273122583,200000,0,,,,,,,,StandardScaler(),True,True,True,"[('column_selector', ColumnSelector(cols=['review_scores_value', 'review_scores_checkin',
                     'bathrooms_na', 'review_scores_location',
                     'instant_bookable', 'bathrooms', 'review_scores_rating_na',
             ...",False,95.73689700423684,131742.18547671218,0.10097653695029396,362.96306351571394,0.10097653695029396,88.87155886946582,86286.3965515077,0.1898325210265277,293.74546218028235,0.1898325210265277,85.94271797050277,76116.0713866191,0.19809125129507643,275.8914123103855,0.19809125129507643,sklearn.pipeline.Pipeline,Pipeline
2022-09-02 12:24:35,4.8s,89953d73556e4c40870669fdd1dc4dfc,decision_tree_regressor,NOTEBOOK,Notebook: DecisionTreeRegressor,manujkumar.joshi@celebaltech.com,FINISHED,"ColumnSelector(cols=['review_scores_value', 'review_scores_checkin',
                     'bathrooms_na', 'review_scores_location',
                     'instant_bookable', 'bathrooms', 'review_scores_rating_na',
                     'beds_na', 'h...","['review_scores_value', 'review_scores_checkin', 'bathrooms_na', 'review_scores_location', 'instant_bookable', 'bathrooms', 'review_scores_rating_na', 'beds_na', 'host_is_superhost', 'neighbourhood_cleansed', 'beds', 'review_scores_cleanliness_na'...",None,"ColumnTransformer(remainder='passthrough', sparse_threshold=0,
                  transformers=[('numerical',
                                 Pipeline(steps=[('converter',
                                                  FunctionTransformer(func=...",None,"Pipeline(steps=[('converter',
                 FunctionTransformer(func=<function <lambda> at 0x7f524032d310>)),
                ('imputers',
                 ColumnTransformer(sparse_threshold=0,
                                   transformers=[(...",FunctionTransformer(func=<function <lambda> at 0x7f524032d310>),False,True,<function <lambda> at 0x7f524032d310>,None,None,None,False,"ColumnTransformer(sparse_threshold=0,
                  transformers=[('impute_mean', SimpleImputer(),
                                 ['accommodates', 'bathrooms', 'beds',
                                  'host_total_listings_count', 'latitude'...",SimpleImputer(),False,True,None,nan,mean,0,None,drop,0,None,"[('impute_mean', SimpleImputer(), ['accommodates', 'bathrooms', 'beds', 'host_total_listings_count', 'latitude', 'longitude', 'minimum_nights', 'number_of_reviews', 'review_scores_rating'])]",False,None,"[('converter', FunctionTransformer(func=<function <lambda> at 0x7f524032d310>)), ('imputers', ColumnTransformer(sparse_threshold=0,
                  transformers=[('impute_mean', SimpleImputer(),
                                 ['accommodates', ...",False,"Pipeline(steps=[('imputers',
                 ColumnTransformer(remainder='passthrough', sparse_threshold=0,
                                   transformers=[])),
                ('one_hot_encoder', OneHotEncoder(handle_unknown='ignore'))])","ColumnTransformer(remainder='passthrough', sparse_threshold=0, transformers=[])",None,passthrough,0,None,[],False,None,OneHotEncoder(handle_unknown='ignore'),auto,None,<class 'numpy.float64'>,ignore,True,"[('imputers', ColumnTransformer(remainder='passthrough', sparse_threshold=0, transformers=[])), ('one_hot_encoder', OneHotEncoder(handle_unknown='ignore'))]",False,passthrough,0,None,"[('numerical', Pipeline(steps=[('converter',
                 FunctionTransformer(func=<function <lambda> at 0x7f524032d310>)),
                ('imputers',
                 ColumnTransformer(sparse_threshold=0,
                                   ...",False,"DecisionTreeRegressor(criterion='friedman_mse', max_depth=4,
                      max_features=0.8027145977159729,
                      min_samples_leaf=0.05323443300775413,
                      min_samples_split=0.10708163917989286,
          ...",,,,,,,0.0,,,,,friedman_mse,,,,,,,,,,,,,,,,,4,0.8027145977159729,,None,,,,0.0,None,0.05323443300775413,0.10708163917989286,,0.0,,,,,,,,,,,,,921183954,,,,,,best,,,,,,,,,,,StandardScaler(),True,True,True,"[('column_selector', ColumnSelector(cols=['review_scores_value', 'review_scores_checkin',
                     'bathrooms_na', 'review_scores_location',
                     'instant_bookable', 'bathrooms', 'review_scores_rating_na',
             ...",False,104.77539064224926,135579.6796214111,0.07478904611039094,368.2114604699467,0.07478904611039094,97.15769091328202,90253.98861480206,0.152579672512967,300.4230161202734,0.152579672512967,96.0752388789205,79831.78346052978,0.15894495846287315,282.545188351403,0.15894495846287315,sklearn.pipeline.Pipeline,Pipeline
2022-09-02 12:24:15,4.9s,bf1bbe2e09a24bc8be8f90c3c704fdcc,random_forest_regressor,NOTEBOOK,Notebook: RandomForestRegressor,manujkumar.joshi@celebaltech.com,FINISHED,"ColumnSelector(cols=['review_scores_value', 'review_scores_checkin',
                     'bathrooms_na', 'review_scores_location',
                     'instant_bookable', 'bathrooms', 'review_scores_rating_na',
                     'beds_na', 'h...","['review_scores_value', 'review_scores_checkin', 'bathrooms_na', 'review_scores_location', 'instant_bookable', 'bathrooms', 'review_scores_rating_na', 'beds_na', 'host_is_superhost', 'neighbourhood_cleansed', 'beds', 'review_scores_cleanliness_na'...",None,"ColumnTransformer(remainder='passthrough', sparse_threshold=0,
                  transformers=[('numerical',
                                 Pipeline(steps=[('converter',
                                                  FunctionTransformer(func=...",None,"Pipeline(steps=[('converter',
                 FunctionTransformer(func=<function <lambda> at 0x7f5d5cc4ad30>)),
                ('imputers',
                 ColumnTransformer(sparse_threshold=0,
                                   transformers=[(...",FunctionTransformer(func=<function <lambda> at 0x7f5d5cc4ad30>),False,True,<function <lambda> at 0x7f5d5cc4ad30>,None,None,None,False,"ColumnTransformer(sparse_threshold=0,
                  transformers=[('impute_mean', SimpleImputer(),
                                 ['accommodates', 'bathrooms', 'beds',
                                  'host_total_listings_count', 'latitude'...",SimpleImputer(),False,True,None,nan,mean,0,None,drop,0,None,"[('impute_mean', SimpleImputer(), ['accommodates', 'bathrooms', 'beds', 'host_total_listings_count', 'latitude', 'longitude', 'minimum_nights', 'number_of_reviews', 'review_scores_rating'])]",False,None,"[('converter', FunctionTransformer(func=<function <lambda> at 0x7f5d5cc4ad30>)), ('imputers', ColumnTransformer(sparse_threshold=0,
                  transformers=[('impute_mean', SimpleImputer(),
                                 ['accommodates', ...",False,"Pipeline(steps=[('imputers',
                 ColumnTransformer(remainder='passthrough', sparse_threshold=0,
                                   transformers=[])),
                ('one_hot_encoder', OneHotEncoder(handle_unknown='ignore'))])","ColumnTransformer(remainder='passthrough', sparse_threshold=0, transformers=[])",None,passthrough,0,None,[],False,None,OneHotEncoder(handle_unknown='ignore'),auto,None,<class 'numpy.float64'>,ignore,True,"[('imputers', ColumnTransformer(remainder='passthrough', sparse_threshold=0, transformers=[])), ('one_hot_encoder', OneHotEncoder(handle_unknown='ignore'))]",False,passthrough,0,None,"[('numerical', Pipeline(steps=[('converter',
                 FunctionTransformer(func=<function <lambda> at 0x7f5d5cc4ad30>)),
                ('imputers',
                 ColumnTransformer(sparse_threshold=0,
                                   ...",False,"RandomForestRegressor(bootstrap=False, max_depth=6,
                      max_features=0.5391081766793195,
                      min_samples_leaf=0.03698180399105496,
                      min_samples_split=0.3103128373120238, n_estimators=4,
    ...",,,,,,False,0.0,,,,,mse,,,,,,,,,,,,,,,,,6,0.5391081766793195,,None,None,,,0.0,None,0.03698180399105496,0.3103128373120238,,0.0,,,4,,None,,,,False,,,,921183954,,,,,,,,,,,,,,0,,False,StandardScaler(),True,True,True,"[('column_selector', ColumnSelector(cols=['review_scores_value', 'review_scores_checkin',
                     'bathrooms_na', 'review_scores_location',
                     'instant_bookable', 'bathrooms', 'review_scores_rating_na',
             ...",False,106.30057457137441,137002.60223672792,0.06507886244640426,370.1386257022197,0.06507886244640426,99.67988628598322,92765.39263815977,0.12899938700326918,304.5741168224243,0.12899938700326918,97.39549121048279,81958.6745222321,0.13653743638703963,286.2842547578055,0.13653743638703963,sklearn.pipeline.Pipeline,Pipeline
2022-09-02 12:23:56,5.5s,3f3dbedf6acc44ba947507ec4cb6c02d,decision_tree_regressor,NOTEBOOK,Notebook: DecisionTreeRegressor,manujkumar.joshi@celebaltech.com,FINISHED,"ColumnSelector(cols=['review_scores_value', 'review_scores_checkin',
                     'bathrooms_na', 'review_scores_location',
                     'instant_bookable', 'bathrooms', 'review_scores_rating_na',
                     'beds_na', 'h...","['review_scores_value', 'review_scores_checkin', 'bathrooms_na', 'review_scores_location', 'instant_bookable', 'bathrooms', 'review_scores_rating_na', 'beds_na', 'host_is_superhost', 'neighbourhood_cleansed', 'beds', 'review_scores_cleanliness_na'...",None,"ColumnTransformer(remainder='passthrough', sparse_threshold=0,
                  transformers=[('numerical',
                                 Pipeline(steps=[('converter',
                                                  FunctionTransformer(func=...",None,"Pipeline(steps=[('converter',
                 FunctionTransformer(func=<function <lambda> at 0x7fc2a4ff2af0>)),
                ('imputers',
                 ColumnTransformer(sparse_threshold=0,
                                   transformers=[(...",FunctionTransformer(func=<function <lambda> at 0x7fc2a4ff2af0>),False,True,<function <lambda> at 0x7fc2a4ff2af0>,None,None,None,False,"ColumnTransformer(sparse_threshold=0,
                  transformers=[('impute_mean', SimpleImputer(),
                                 ['accommodates', 'bathrooms', 'beds',
                                  'host_total_listings_count', 'latitude'...",SimpleImputer(),False,True,None,nan,mean,0,None,drop,0,None,"[('impute_mean', SimpleImputer(), ['accommodates', 'bathrooms', 'beds', 'host_total_listings_count', 'latitude', 'longitude', 'minimum_nights', 'number_of_reviews', 'review_scores_rating'])]",False,None,"[('converter', FunctionTransformer(func=<function <lambda> at 0x7fc2a4ff2af0>)), ('imputers', ColumnTransformer(sparse_threshold=0,
                  transformers=[('impute_mean', SimpleImputer(),
                                 ['accommodates', ...",False,"Pipeline(steps=[('imputers',
                 ColumnTransformer(remainder='passthrough', sparse_threshold=0,
                                   transformers=[])),
                ('one_hot_encoder', OneHotEncoder(handle_unknown='ignore'))])","ColumnTransformer(remainder='passthrough', sparse_threshold=0, transformers=[])",None,passthrough,0,None,[],False,None,OneHotEncoder(handle_unknown='ignore'),auto,None,<class 'numpy.float64'>,ignore,True,"[('imputers', ColumnTransformer(remainder='passthrough', sparse_threshold=0, transformers=[])), ('one_hot_encoder', OneHotEncoder(handle_unknown='ignore'))]",False,passthrough,0,None,"[('numerical', Pipeline(steps=[('converter',
                 FunctionTransformer(func=<function <lambda> at 0x7fc2a4ff2af0>)),
                ('imputers',
                 ColumnTransformer(sparse_threshold=0,
                                   ...",False,"DecisionTreeRegressor(criterion='mae', max_depth=2,
                      max_features=0.6168822946480148,
                      min_samples_leaf=0.07923451036637442,
                      min_samples_split=0.10029645498952158,
                   ...",,,,,,,0.0,,,,,mae,,,,,,,,,,,,,,,,,2,0.6168822946480148,,None,,,,0.0,None,0.07923451036637442,0.10029645498952158,,0.0,,,,,,,,,,,,,921183954,,,,,,best,,,,,,,,,,,StandardScaler(),True,True,True,"[('column_selector', ColumnSelector(cols=['review_scores_value', 'review_scores_checkin',
                     'bathrooms_na', 'review_scores_location',
                     'instant_bookable', 'bathrooms', 'review_scores_rating_na',
             ...",False,97.52072538860104,138813.0872193437,0.05272390968028029,372.57628375856626,0.05272390968028029,91.66897147796024,97440.44223566695,0.08510401881243979,312.154516603023,0.08510401881243979,87.35350043215212,83939.59896283492,0.11566772240279866,289.72331449649494,0.11566772240279866,sklearn.pipeline.Pipeline,Pipeline
2022-09-02 12:23:20,5.2s,e0c784a7c91c4bd9b6fa7b253575839d,random_forest_regressor,NOTEBOOK,Notebook: RandomForestRegressor,manujkumar.joshi@celebaltech.com,FINISHED,"ColumnSelector(cols=['review_scores_value', 'review_scores_checkin',
                     'bathrooms_na', 'review_scores_location',
                     'instant_bookable', 'bathrooms', 'review_scores_rating_na',
                     'beds_na', 'h...","['review_scores_value', 'review_scores_checkin', 'bathrooms_na', 'review_scores_location', 'instant_bookable', 'bathrooms', 'review_scores_rating_na', 'beds_na', 'host_is_superhost', 'neighbourhood_cleansed', 'beds', 'review_scores_cleanliness_na'...",None,"ColumnTransformer(remainder='passthrough', sparse_threshold=0,
                  transformers=[('numerical',
                                 Pipeline(steps=[('converter',
                                                  FunctionTransformer(func=...",None,"Pipeline(steps=[('converter',
                 FunctionTransformer(func=<function <lambda> at 0x7f00c8785d30>)),
                ('imputers',
                 ColumnTransformer(sparse_threshold=0,
                                   transformers=[(...",FunctionTransformer(func=<function <lambda> at 0x7f00c8785d30>),False,True,<function <lambda> at 0x7f00c8785d30>,None,None,None,False,"ColumnTransformer(sparse_threshold=0,
                  transformers=[('impute_mean', SimpleImputer(),
                                 ['accommodates', 'bathrooms', 'beds',
                                  'host_total_listings_count', 'latitude'...",SimpleImputer(),False,True,None,nan,mean,0,None,drop,0,None,"[('impute_mean', SimpleImputer(), ['accommodates', 'bathrooms', 'beds', 'host_total_listings_count', 'latitude', 'longitude', 'minimum_nights', 'number_of_reviews', 'review_scores_rating'])]",False,None,"[('converter', FunctionTransformer(func=<function <lambda> at 0x7f00c8785d30>)), ('imputers', ColumnTransformer(sparse_threshold=0,
                  transformers=[('impute_mean', SimpleImputer(),
                                 ['accommodates', ...",False,"Pipeline(steps=[('imputers',
                 ColumnTransformer(remainder='passthrough', sparse_threshold=0,
                                   transformers=[])),
                ('one_hot_encoder', OneHotEncoder(handle_unknown='ignore'))])","ColumnTransformer(remainder='passthrough', sparse_threshold=0, transformers=[])",None,passthrough,0,None,[],False,None,OneHotEncoder(handle_unknown='ignore'),auto,None,<class 'numpy.float64'>,ignore,True,"[('imputers', ColumnTransformer(remainder='passthrough', sparse_threshold=0, transformers=[])), ('one_hot_encoder', OneHotEncoder(handle_unknown='ignore'))]",False,passthrough,0,None,"[('numerical', Pipeline(steps=[('converter',
                 FunctionTransformer(func=<function <lambda> at 0x7f00c8785d30>)),
                ('imputers',
                 ColumnTransformer(sparse_threshold=0,
                                   ...",False,"RandomForestRegressor(bootstrap=False, criterion='friedman_mse', max_depth=4,
                      max_features=0.6140945918995382,
                      min_samples_leaf=0.3789830169830928,
                      min_samples_split=0.4059809754421...",,,,,,False,0.0,,,,,friedman_mse,,,,,,,,,,,,,,,,,4,0.6140945918995382,,None,None,,,0.0,None,0.3789830169830928,0.40598097544211187,,0.0,,,2,,None,,,,False,,,,921183954,,,,,,,,,,,,,,0,,False,StandardScaler(),True,True,True,"[('column_selector', ColumnSelector(cols=['review_scores_value', 'review_scores_checkin',
                     'bathrooms_na', 'review_scores_location',
                     'instant_bookable', 'bathrooms', 'review_scores_rating_na',
             ...",False,112.13971907699495,140096.24668902784,0.04396748541187934,374.2943316282359,0.04396748541187934,110.8067052826151,98589.8956606632,0.07431147420813788,313.99027956397504,0.07431147420813788,105.54674776150178,86271.27911913913,0.09110267743319311,293.7197288558246,0.09110267743319311,sklearn.pipeline.Pipeline,Pipeline
2022-09-02 12:24:37,4.8s,8503ab593d1d48c2be1960fd13f9457f,random_forest_regressor,NOTEBOOK,Notebook: RandomForestRegressor,manujkumar.joshi@celebaltech.com,FINISHED,"ColumnSelector(cols=['review_scores_value', 'review_scores_checkin',
                     'bathrooms_na', 'review_scores_location',
                     'instant_bookable', 'bathrooms', 'review_scores_rating_na',
                     'beds_na', 'h...","['review_scores_value', 'review_scores_checkin', 'bathrooms_na', 'review_scores_location', 'instant_bookable', 'bathrooms', 'review_scores_rating_na', 'beds_na', 'host_is_superhost', 'neighbourhood_cleansed', 'beds', 'review_scores_cleanliness_na'...",None,"ColumnTransformer(remainder='passthrough', sparse_threshold=0,
                  transformers=[('numerical',
                                 Pipeline(steps=[('converter',
                                                  FunctionTransformer(func=...",None,"Pipeline(steps=[('converter',
                 FunctionTransformer(func=<function <lambda> at 0x7fb10190cdc0>)),
                ('imputers',
                 ColumnTransformer(sparse_threshold=0,
                                   transformers=[(...",FunctionTransformer(func=<function <lambda> at 0x7fb10190cdc0>),False,True,<function <lambda> at 0x7fb10190cdc0>,None,None,None,False,"ColumnTransformer(sparse_threshold=0,
                  transformers=[('impute_mean', SimpleImputer(),
                                 ['accommodates', 'bathrooms', 'beds',
                                  'host_total_listings_count', 'latitude'...",SimpleImputer(),False,True,None,nan,mean,0,None,drop,0,None,"[('impute_mean', SimpleImputer(), ['accommodates', 'bathrooms', 'beds', 'host_total_listings_count', 'latitude', 'longitude', 'minimum_nights', 'number_of_reviews', 'review_scores_rating'])]",False,None,"[('converter', FunctionTransformer(func=<function <lambda> at 0x7fb10190cdc0>)), ('imputers', ColumnTransformer(sparse_threshold=0,
                  transformers=[('impute_mean', SimpleImputer(),
                                 ['accommodates', ...",False,"Pipeline(steps=[('imputers',
                 ColumnTransformer(remainder='passthrough', sparse_threshold=0,
                                   transformers=[])),
                ('one_hot_encoder', OneHotEncoder(handle_unknown='ignore'))])","ColumnTransformer(remainder='passthrough', sparse_threshold=0, transformers=[])",None,passthrough,0,None,[],False,None,OneHotEncoder(handle_unknown='ignore'),auto,None,<class 'numpy.float64'>,ignore,True,"[('imputers', ColumnTransformer(remainder='passthrough', sparse_threshold=0, transformers=[])), ('one_hot_encoder', OneHotEncoder(handle_unknown='ignore'))]",False,passthrough,0,None,"[('numerical', Pipeline(steps=[('converter',
                 FunctionTransformer(func=<function <lambda> at 0x7fb10190cdc0>)),
                ('imputers',
                 ColumnTransformer(sparse_threshold=0,
                                   ...",False,"RandomForestRegressor(bootstrap=False, criterion='friedman_mse', max_depth=7,
                      max_features=0.5410788643474731,
                      min_samples_leaf=0.3982480271287402,
                      min_samples_split=0.2188987621374...",,,,,,False,0.0,,,,,friedman_mse,,,,,,,,,,,,,,,,,7,0.5410788643474731,,None,None,,,0.0,None,0.3982480271287402,0.21889876213741621,,0.0,,,40,,None,,,,False,,,,921183954,,,,,,,,,,,,,,0,,False,StandardScaler(),True,True,True,"[('column_selector', ColumnSelector(cols=['review_scores_value', 'review_scores_checkin',
                     'bathrooms_na', 'review_scores_location',
                     'instant_bookable', 'bathrooms', 'review_scores_rating_na',
             ...",False,112.05264412897705,140457.79470131043,0.04150024118874107,374.77699329242506,0.04150024118874107,111.22908102706546,98853.71413409823,0.07183440764757165,314.4101050127019,0.07183440764757165,107.2298564327613,86915.8528677545,0.08431187335221613,294.8149468187705,0.08431187335221613,sklearn.pipeline.Pipeline,Pipeline
2022-09-02 12:23:49,6.8s,2eee9bc6e68a4c19b1ad2943f35adb3d,decision_tree_regressor,NOTEBOOK,Notebook: DecisionTreeRegressor,manujkumar.joshi@celebaltech.com,FINISHED,"ColumnSelector(cols=['review_scores_value', 'review_scores_checkin',
                     'bathrooms_na', 'review_scores_location',
                     'instant_bookable', 'bathrooms', 'review_scores_rating_na',
                     'beds_na', 'h...","['review_scores_value', 'review_scores_checkin', 'bathrooms_na', 'review_scores_location', 'instant_bookable', 'bathrooms', 'review_scores_rating_na', 'beds_na', 'host_is_superhost', 'neighbourhood_cleansed', 'beds', 'review_scores_cleanliness_na'...",None,"ColumnTransformer(remainder='passthrough', sparse_threshold=0,
                  transformers=[('numerical',
                                 Pipeline(steps=[('converter',
                                                  FunctionTransformer(func=...",None,"Pipeline(steps=[('converter',
                 FunctionTransformer(func=<function <lambda> at 0x7f62604cd3a0>)),
                ('imputers',
                 ColumnTransformer(sparse_threshold=0,
                                   transformers=[(...",FunctionTransformer(func=<function <lambda> at 0x7f62604cd3a0>),False,True,<function <lambda> at 0x7f62604cd3a0>,None,None,None,False,"ColumnTransformer(sparse_threshold=0,
                  transformers=[('impute_mean', SimpleImputer(),
                                 ['accommodates', 'bathrooms', 'beds',
                                  'host_total_listings_count', 'latitude'...",SimpleImputer(),False,True,None,nan,mean,0,None,drop,0,None,"[('impute_mean', SimpleImputer(), ['accommodates', 'bathrooms', 'beds', 'host_total_listings_count', 'latitude', 'longitude', 'minimum_nights', 'number_of_reviews', 'review_scores_rating'])]",False,None,"[('converter', FunctionTransformer(func=<function <lambda> at 0x7f62604cd3a0>)), ('imputers', ColumnTransformer(sparse_threshold=0,
                  transformers=[('impute_mean', SimpleImputer(),
                                 ['accommodates', ...",False,"Pipeline(steps=[('imputers',
                 ColumnTransformer(remainder='passthrough', sparse_threshold=0,
                                   transformers=[])),
                ('one_hot_encoder', OneHotEncoder(handle_unknown='ignore'))])","ColumnTransformer(remainder='passthrough', sparse_threshold=0, transformers=[])",None,passthrough,0,None,[],False,None,OneHotEncoder(handle_unknown='ignore'),auto,None,<class 'numpy.float64'>,ignore,True,"[('imputers', ColumnTransformer(remainder='passthrough', sparse_threshold=0, transformers=[])), ('one_hot_encoder', OneHotEncoder(handle_unknown='ignore'))]",False,passthrough,0,None,"[('numerical', Pipeline(steps=[('converter',
                 FunctionTransformer(func=<function <lambda> at 0x7f62604cd3a0>)),
                ('imputers',
                 ColumnTransformer(sparse_threshold=0,
                                   ...",False,"DecisionTreeRegressor(criterion='mae', max_depth=8,
                      max_features=0.6075509810811237,
                      min_samples_leaf=0.29305835378846273,
                      min_samples_split=0.06594098092856815,
                   ...",,,,,,,0.0,,,,,mae,,,,,,,,,,,,,,,,,8,0.6075509810811237,,None,,,,0.0,None,0.29305835378846273,0.06594098092856815,,0.0,,,,,,,,,,,,,921183954,,,,,,best,,,,,,,,,,,StandardScaler(),True,True,True,"[('column_selector', ColumnSelector(cols=['review_scores_value', 'review_scores_checkin',
                     'bathrooms_na', 'review_scores_location',
                     'instant_bookable', 'bathrooms', 'review_scores_rating_na',
             ...",False,101.15803108808291,143298.3359240069,0.022116069006357986,378.54766664715675,0.022116069006357986,97.48256986459234,101288.48458657447,0.048973656495630014,318.25851848234083,0.048973656495630014,93.01123595505618,89234.52895419188,0.059883830689810624,298.721490613233,0.059883830689810624,sklearn.pipeline.Pipeline,Pipeline
2022-09-02 12:22:54,8.5s,b5092c1284bc489eb2d35e048d43c6bc,lightgbm,NOTEBOOK,Notebook: LightGBM,manujkumar.joshi@celebaltech.com,FINISHED,"ColumnSelector(cols=['review_scores_value', 'review_scores_checkin',
                     'bathrooms_na', 'review_scores_location',
                     'instant_bookable', 'bathrooms', 'review_scores_rating_na',
                     'beds_na', 'h...","['review_scores_value', 'review_scores_checkin', 'bathrooms_na', 'review_scores_location', 'instant_bookable', 'bathrooms', 'review_scores_rating_na', 'beds_na', 'host_is_superhost', 'neighbourhood_cleansed', 'beds', 'review_scores_cleanliness_na'...",None,"ColumnTransformer(remainder='passthrough', sparse_threshold=0,
                  transformers=[('numerical',
                                 Pipeline(steps=[('converter',
                                                  FunctionTransformer(func=...",None,"Pipeline(steps=[('converter',
                 FunctionTransformer(func=<function <lambda> at 0x7faec0ae38b0>)),
                ('imputers',
                 ColumnTransformer(sparse_threshold=0,
                                   transformers=[(...",FunctionTransformer(func=<function <lambda> at 0x7faec0ae38b0>),False,True,<function <lambda> at 0x7faec0ae38b0>,None,None,None,False,"ColumnTransformer(sparse_threshold=0,
                  transformers=[('impute_mean', SimpleImputer(),
                                 ['accommodates', 'bathrooms', 'beds',
                                  'host_total_listings_count', 'latitude'...",SimpleImputer(),False,True,None,nan,mean,0,None,drop,0,None,"[('impute_mean', SimpleImputer(), ['accommodates', 'bathrooms', 'beds', 'host_total_listings_count', 'latitude', 'longitude', 'minimum_nights', 'number_of_reviews', 'review_scores_rating'])]",False,None,"[('converter', FunctionTransformer(func=<function <lambda> at 0x7faec0ae38b0>)), ('imputers', ColumnTransformer(sparse_threshold=0,
                  transformers=[('impute_mean', SimpleImputer(),
                                 ['accommodates', ...",False,"Pipeline(steps=[('imputers',
                 ColumnTransformer(remainder='passthrough', sparse_threshold=0,
                                   transformers=[])),
                ('one_hot_encoder', OneHotEncoder(handle_unknown='ignore'))])","ColumnTransformer(remainder='passthrough', sparse_threshold=0, transformers=[])",None,passthrough,0,None,[],False,None,OneHotEncoder(handle_unknown='ignore'),auto,None,<class 'numpy.float64'>,ignore,True,"[('imputers', ColumnTransformer(remainder='passthrough', sparse_threshold=0, transformers=[])), ('one_hot_encoder', OneHotEncoder(handle_unknown='ignore'))]",False,passthrough,0,None,"[('numerical', Pipeline(steps=[('converter',
                 FunctionTransformer(func=<function <lambda> at 0x7faec0ae38b0>)),
                ('imputers',
                 ColumnTransformer(sparse_threshold=0,
                                   ...",False,"LGBMRegressor(colsample_bytree=0.46792485097165737,
              lambda_l1=151.74665473333997, lambda_l2=450.685177408914,
              learning_rate=0.03881268028640701, max_bin=388, max_depth=2,
              min_child_samples=490, n_estimator...",,,,,gbdt,,,None,,,0.46792485097165737,,,,,,,,,split,,,151.74665473333997,450.685177408914,0.03881268028640701,,388,,2,,,,,490,0.001,,,,,0.0,,,,13,,-1,36,,None,,,,,921183954,0.0,0.0,,,warn,,0.5662294855089486,200000,0,,,,,,,,StandardScaler(),True,True,True,"[('column_selector', ColumnSelector(cols=['review_scores_value', 'review_scores_checkin',
                     'bathrooms_na', 'review_scores_location',
                     'instant_bookable', 'bathrooms', 'review_scores_rating_na',
             ...",False,118.45062918018637,141677.5251442962,0.03317666371906225,376.4007507222803,0.03317666371906225,115.1553798762381,100727.2660793066,0.0542430964231051,317.3755914989472,0.0542430964231051,112.03237128339237,89281.13471508544,0.059392823117825344,298.79948914796597,0.059392823117825344,sklearn.pipeline.Pipeline,Pipeline
2022-09-02 12:22:55,18.4s,bf20a431537040feb102a07e8575929f,random_forest_regressor,NOTEBOOK,Notebook: RandomForestRegressor,manujkumar.joshi@celebaltech.com,FINISHED,"ColumnSelector(cols=['review_scores_value', 'review_scores_checkin',
                     'bathrooms_na', 'review_scores_location',
                     'instant_bookable', 'bathrooms', 'review_scores_rating_na',
                     'beds_na', 'h...","['review_scores_value', 'review_scores_checkin', 'bathrooms_na', 'review_scores_location', 'instant_bookable', 'bathrooms', 'review_scores_rating_na', 'beds_na', 'host_is_superhost', 'neighbourhood_cleansed', 'beds', 'review_scores_cleanliness_na'...",None,"ColumnTransformer(remainder='passthrough', sparse_threshold=0,
                  transformers=[('numerical',
                                 Pipeline(steps=[('converter',
                                                  FunctionTransformer(func=...",None,"Pipeline(steps=[('converter',
                 FunctionTransformer(func=<function <lambda> at 0x7fe4444395e0>)),
                ('imputers',
                 ColumnTransformer(sparse_threshold=0,
                                   transformers=[(...",FunctionTransformer(func=<function <lambda> at 0x7fe4444395e0>),False,True,<function <lambda> at 0x7fe4444395e0>,None,None,None,False,"ColumnTransformer(sparse_threshold=0,
                  transformers=[('impute_mean', SimpleImputer(),
                                 ['accommodates', 'bathrooms', 'beds',
                                  'host_total_listings_count', 'latitude'...",SimpleImputer(),False,True,None,nan,mean,0,None,drop,0,None,"[('impute_mean', SimpleImputer(), ['accommodates', 'bathrooms', 'beds', 'host_total_listings_count', 'latitude', 'longitude', 'minimum_nights', 'number_of_reviews', 'review_scores_rating'])]",False,None,"[('converter', FunctionTransformer(func=<function <lambda> at 0x7fe4444395e0>)), ('imputers', ColumnTransformer(sparse_threshold=0,
                  transformers=[('impute_mean', SimpleImputer(),
                                 ['accommodates', ...",False,"Pipeline(steps=[('imputers',
                 ColumnTransformer(remainder='passthrough', sparse_threshold=0,
                                   transformers=[])),
                ('one_hot_encoder', OneHotEncoder(handle_unknown='ignore'))])","ColumnTransformer(remainder='passthrough', sparse_threshold=0, transformers=[])",None,passthrough,0,None,[],False,None,OneHotEncoder(handle_unknown='ignore'),auto,None,<class 'numpy.float64'>,ignore,True,"[('imputers', ColumnTransformer(remainder='passthrough', sparse_threshold=0, transformers=[])), ('one_hot_encoder', OneHotEncoder(handle_unknown='ignore'))]",False,passthrough,0,None,"[('numerical', Pipeline(steps=[('converter',
                 FunctionTransformer(func=<function <lambda> at 0x7fe4444395e0>)),
                ('imputers',
                 ColumnTransformer(sparse_threshold=0,
                                   ...",False,"RandomForestRegressor(criterion='mae', max_depth=11,
                      max_features=0.6703456027656173,
                      min_samples_leaf=0.20841630603480632,
                      min_samples_split=0.07651034189428717, n_estimators=163,
...",,,,,,True,0.0,,,,,mae,,,,,,,,,,,,,,,,,11,0.6703456027656173,,None,None,,,0.0,None,0.20841630603480632,0.07651034189428717,,0.0,,,163,,None,,,,False,,,,921183954,,,,,,,,,,,,,,0,,False,StandardScaler(),True,True,True,"[('column_selector', ColumnSelector(cols=['review_scores_value', 'review_scores_checkin',
                     'bathrooms_na', 'review_scores_location',
                     'instant_bookable', 'bathrooms', 'review_scores_rating_na',
             ...",False,102.3650174300942,143887.7473467673,0.018093859290209235,379.325384527278,0.018093859290209235,98.38269677061295,102264.21016389932,0.03981229198460512,319.7877579956733,0.03981229198460512,94.70219946869152,90250.03942597986,0.04918508183305592,300.41644333488114,0.04918508183305592,sklearn.pipeline.Pipeline,Pipeline
2022-09-02 12:24:36,5.6s,107bd9f51bae47e2978b25a22cc8e27f,random_forest_regressor,NOTEBOOK,Notebook: RandomForestRegressor,manujkumar.joshi@celebaltech.com,FINISHED,"ColumnSelector(cols=['review_scores_value', 'review_scores_checkin',
                     'bathrooms_na', 'review_scores_location',
                     'instant_bookable', 'bathrooms', 'review_scores_rating_na',
                     'beds_na', 'h...","['review_scores_value', 'review_scores_checkin', 'bathrooms_na', 'review_scores_location', 'instant_bookable', 'bathrooms', 'review_scores_rating_na', 'beds_na', 'host_is_superhost', 'neighbourhood_cleansed', 'beds', 'review_scores_cleanliness_na'...",None,"ColumnTransformer(remainder='passthrough', sparse_threshold=0,
                  transformers=[('numerical',
                                 Pipeline(steps=[('converter',
                                                  FunctionTransformer(func=...",None,"Pipeline(steps=[('converter',
                 FunctionTransformer(func=<function <lambda> at 0x7f7d6fa21d30>)),
                ('imputers',
                 ColumnTransformer(sparse_threshold=0,
                                   transformers=[(...",FunctionTransformer(func=<function <lambda> at 0x7f7d6fa21d30>),False,True,<function <lambda> at 0x7f7d6fa21d30>,None,None,None,False,"ColumnTransformer(sparse_threshold=0,
                  transformers=[('impute_mean', SimpleImputer(),
                                 ['accommodates', 'bathrooms', 'beds',
                                  'host_total_listings_count', 'latitude'...",SimpleImputer(),False,True,None,nan,mean,0,None,drop,0,None,"[('impute_mean', SimpleImputer(), ['accommodates', 'bathrooms', 'beds', 'host_total_listings_count', 'latitude', 'longitude', 'minimum_nights', 'number_of_reviews', 'review_scores_rating'])]",False,None,"[('converter', FunctionTransformer(func=<function <lambda> at 0x7f7d6fa21d30>)), ('imputers', ColumnTransformer(sparse_threshold=0,
                  transformers=[('impute_mean', SimpleImputer(),
                                 ['accommodates', ...",False,"Pipeline(steps=[('imputers',
                 ColumnTransformer(remainder='passthrough', sparse_threshold=0,
                                   transformers=[])),
                ('one_hot_encoder', OneHotEncoder(handle_unknown='ignore'))])","ColumnTransformer(remainder='passthrough', sparse_threshold=0, transformers=[])",None,passthrough,0,None,[],False,None,OneHotEncoder(handle_unknown='ignore'),auto,None,<class 'numpy.float64'>,ignore,True,"[('imputers', ColumnTransformer(remainder='passthrough', sparse_threshold=0, transformers=[])), ('one_hot_encoder', OneHotEncoder(handle_unknown='ignore'))]",False,passthrough,0,None,"[('numerical', Pipeline(steps=[('converter',
                 FunctionTransformer(func=<function <lambda> at 0x7f7d6fa21d30>)),
                ('imputers',
                 ColumnTransformer(sparse_threshold=0,
                                   ...",False,"RandomForestRegressor(max_depth=9, max_features=0.34435704779696263,
                      min_samples_leaf=0.35455311958033936,
                      min_samples_split=0.0693762704289008, n_estimators=262,
                      random_state=92118...",,,,,,True,0.0,,,,,mse,,,,,,,,,,,,,,,,,9,0.34435704779696263,,None,None,,,0.0,None,0.35455311958033936,0.0693762704289008,,0.0,,,262,,None,,,,False,,,,921183954,,,,,,,,,,,,,,0,,False,StandardScaler(),True,True,True,"[('column_selector', ColumnSelector(cols=['review_scores_value', 'review_scores_checkin',
                     'bathrooms_na', 'review_scores_location',
                     'instant_bookable', 'bathrooms', 'review_scores_rating_na',
             ...",False,132.68492362034604,146568.47070814425,-0.00019969786540174894,382.84261871968255,-0.00019969786540174894,129.341919358405,106504.40071504664,-6.113805106622294e-8,326.3501198330508,-6.113805106622294e-8,126.37906313360172,94933.57703898093,-0.000157582841232351,308.1129290357367,-0.000157582841232351,sklearn.pipeline.Pipeline,Pipeline
2022-09-02 12:24:25,8.8s,9d213ba296784c01af4cd24e91abc4f0,random_forest_regressor,NOTEBOOK,Notebook: RandomForestRegressor,manujkumar.joshi@celebaltech.com,FINISHED,"ColumnSelector(cols=['review_scores_value', 'review_scores_checkin',
                     'bathrooms_na', 'review_scores_location',
                     'instant_bookable', 'bathrooms', 'review_scores_rating_na',
                     'beds_na', 'h...","['review_scores_value', 'review_scores_checkin', 'bathrooms_na', 'review_scores_location', 'instant_bookable', 'bathrooms', 'review_scores_rating_na', 'beds_na', 'host_is_superhost', 'neighbourhood_cleansed', 'beds', 'review_scores_cleanliness_na'...",None,"ColumnTransformer(remainder='passthrough', sparse_threshold=0,
                  transformers=[('numerical',
                                 Pipeline(steps=[('converter',
                                                  FunctionTransformer(func=...",None,"Pipeline(steps=[('converter',
                 FunctionTransformer(func=<function <lambda> at 0x7f25ba81bd30>)),
                ('imputers',
                 ColumnTransformer(sparse_threshold=0,
                                   transformers=[(...",FunctionTransformer(func=<function <lambda> at 0x7f25ba81bd30>),False,True,<function <lambda> at 0x7f25ba81bd30>,None,None,None,False,"ColumnTransformer(sparse_threshold=0,
                  transformers=[('impute_mean', SimpleImputer(),
                                 ['accommodates', 'bathrooms', 'beds',
                                  'host_total_listings_count', 'latitude'...",SimpleImputer(),False,True,None,nan,mean,0,None,drop,0,None,"[('impute_mean', SimpleImputer(), ['accommodates', 'bathrooms', 'beds', 'host_total_listings_count', 'latitude', 'longitude', 'minimum_nights', 'number_of_reviews', 'review_scores_rating'])]",False,None,"[('converter', FunctionTransformer(func=<function <lambda> at 0x7f25ba81bd30>)), ('imputers', ColumnTransformer(sparse_threshold=0,
                  transformers=[('impute_mean', SimpleImputer(),
                                 ['accommodates', ...",False,"Pipeline(steps=[('imputers',
                 ColumnTransformer(remainder='passthrough', sparse_threshold=0,
                                   transformers=[])),
                ('one_hot_encoder', OneHotEncoder(handle_unknown='ignore'))])","ColumnTransformer(remainder='passthrough', sparse_threshold=0, transformers=[])",None,passthrough,0,None,[],False,None,OneHotEncoder(handle_unknown='ignore'),auto,None,<class 'numpy.float64'>,ignore,True,"[('imputers', ColumnTransformer(remainder='passthrough', sparse_threshold=0, transformers=[])), ('one_hot_encoder', OneHotEncoder(handle_unknown='ignore'))]",False,passthrough,0,None,"[('numerical', Pipeline(steps=[('converter',
                 FunctionTransformer(func=<function <lambda> at 0x7f25ba81bd30>)),
                ('imputers',
                 ColumnTransformer(sparse_threshold=0,
                                   ...",False,"RandomForestRegressor(bootstrap=False, criterion='mae', max_depth=12,
                      max_features=0.8987376856527425,
                      min_samples_leaf=0.4882612554167841,
                      min_samples_split=0.22970930845390797, n_...",,,,,,False,0.0,,,,,mae,,,,,,,,,,,,,,,,,12,0.8987376856527425,,None,None,,,0.0,None,0.4882612554167841,0.22970930845390797,,0.0,,,58,,None,,,,False,,,,921183954,,,,,,,,,,,,,,0,,False,StandardScaler(),True,True,True,"[('column_selector', ColumnSelector(cols=['review_scores_value', 'review_scores_checkin',
                     'bathrooms_na', 'review_scores_location',
                     'instant_bookable', 'bathrooms', 'review_scores_rating_na',
             ...",False,119.25882913465547,150821.47678122928,-0.029222688749914072,388.35740855715534,-0.029222688749914072,113.91538759574405,110144.83862591212,-0.034181166416271225,331.8807596500769,-0.034181166416271225,110.3988316991029,97929.26123736816,-0.031718136654393714,312.9365131098769,-0.031718136654393714,sklearn.pipeline.Pipeline,Pipeline
2022-09-02 12:23:23,5.0s,41c7fb65c2464103bf4208d7cc366a31,xgboost,NOTEBOOK,Notebook: XGBoostRegressor,manujkumar.joshi@celebaltech.com,FINISHED,"ColumnSelector(cols=['review_scores_value', 'review_scores_checkin',
                     'bathrooms_na', 'review_scores_location',
                     'instant_bookable', 'bathrooms', 'review_scores_rating_na',
                     'beds_na', 'h...","['review_scores_value', 'review_scores_checkin', 'bathrooms_na', 'review_scores_location', 'instant_bookable', 'bathrooms', 'review_scores_rating_na', 'beds_na', 'host_is_superhost', 'neighbourhood_cleansed', 'beds', 'review_scores_cleanliness_na'...",None,"ColumnTransformer(remainder='passthrough', sparse_threshold=0,
                  transformers=[('numerical',
                                 Pipeline(steps=[('converter',
                                                  FunctionTransformer(func=...",None,"Pipeline(steps=[('converter',
                 FunctionTransformer(func=<function <lambda> at 0x7fa2dbbe1d30>)),
                ('imputers',
                 ColumnTransformer(sparse_threshold=0,
                                   transformers=[(...",FunctionTransformer(func=<function <lambda> at 0x7fa2dbbe1d30>),False,True,<function <lambda> at 0x7fa2dbbe1d30>,None,None,None,False,"ColumnTransformer(sparse_threshold=0,
                  transformers=[('impute_mean', SimpleImputer(),
                                 ['accommodates', 'bathrooms', 'beds',
                                  'host_total_listings_count', 'latitude'...",SimpleImputer(),False,True,None,nan,mean,0,None,drop,0,None,"[('impute_mean', SimpleImputer(), ['accommodates', 'bathrooms', 'beds', 'host_total_listings_count', 'latitude', 'longitude', 'minimum_nights', 'number_of_reviews', 'review_scores_rating'])]",False,None,"[('converter', FunctionTransformer(func=<function <lambda> at 0x7fa2dbbe1d30>)), ('imputers', ColumnTransformer(sparse_threshold=0,
                  transformers=[('impute_mean', SimpleImputer(),
                                 ['accommodates', ...",False,"Pipeline(steps=[('imputers',
                 ColumnTransformer(remainder='passthrough', sparse_threshold=0,
                                   transformers=[])),
                ('one_hot_encoder', OneHotEncoder(handle_unknown='ignore'))])","ColumnTransformer(remainder='passthrough', sparse_threshold=0, transformers=[])",None,passthrough,0,None,[],False,None,OneHotEncoder(handle_unknown='ignore'),auto,None,<class 'numpy.float64'>,ignore,True,"[('imputers', ColumnTransformer(remainder='passthrough', sparse_threshold=0, transformers=[])), ('one_hot_encoder', OneHotEncoder(handle_unknown='ignore'))]",False,passthrough,0,None,"[('numerical', Pipeline(steps=[('converter',
                 FunctionTransformer(func=<function <lambda> at 0x7fa2dbbe1d30>)),
                ('imputers',
                 ColumnTransformer(sparse_threshold=0,
                                   ...",False,"XGBRegressor(base_score=None, booster=None, colsample_bylevel=None,
             colsample_bynode=None, colsample_bytree=0.5637842767892077,
             enable_categorical=False, gamma=None, gpu_id=None,
             importance_type=None, interac...",,,None,None,,,,,None,None,0.5637842767892077,,,False,,,,None,None,None,None,,,,0.02599465495921078,,,None,3,,,,,,15,,,,,,,nan,None,2,,100,,None,reg:squarederror,,,,None,921183954,None,None,None,,,,0.35264517629778575,,,,None,None,,,0,,StandardScaler(),True,True,True,"[('column_selector', ColumnSelector(cols=['review_scores_value', 'review_scores_checkin',
                     'bathrooms_na', 'review_scores_location',
                     'instant_bookable', 'bathrooms', 'review_scores_rating_na',
             ...",False,208.66538375564602,188873.56409485923,-0.28889440429934665,434.59586295184545,-0.28889440429934665,203.171689897063,145786.33818594413,-0.36882932649035993,381.8197718635641,-0.36882932649035993,199.36883458868635,133005.07114069656,-0.4012537461122214,364.6986031515566,-0.4012537461122214,sklearn.pipeline.Pipeline,Pipeline
2022-09-02 12:23:20,5.2s,b356e116895c475f8376fe8345758555,sgd_regression,NOTEBOOK,Notebook: SGDRegression,manujkumar.joshi@celebaltech.com,FINISHED,"ColumnSelector(cols=['review_scores_value', 'review_scores_checkin',
                     'bathrooms_na', 'review_scores_location',
                     'instant_bookable', 'bathrooms', 'review_scores_rating_na',
                     'beds_na', 'h...","['review_scores_value', 'review_scores_checkin', 'bathrooms_na', 'review_scores_location', 'instant_bookable', 'bathrooms', 'review_scores_rating_na', 'beds_na', 'host_is_superhost', 'neighbourhood_cleansed', 'beds', 'review_scores_cleanliness_na'...",None,"ColumnTransformer(remainder='passthrough', sparse_threshold=0,
                  transformers=[('numerical',
                                 Pipeline(steps=[('converter',
                                                  FunctionTransformer(func=...",None,"Pipeline(steps=[('converter',
                 FunctionTransformer(func=<function <lambda> at 0x7f937d65f310>)),
                ('imputers',
                 ColumnTransformer(sparse_threshold=0,
                                   transformers=[(...",FunctionTransformer(func=<function <lambda> at 0x7f937d65f310>),False,True,<function <lambda> at 0x7f937d65f310>,None,None,None,False,"ColumnTransformer(sparse_threshold=0,
                  transformers=[('impute_mean', SimpleImputer(),
                                 ['accommodates', 'bathrooms', 'beds',
                                  'host_total_listings_count', 'latitude'...",SimpleImputer(),False,True,None,nan,mean,0,None,drop,0,None,"[('impute_mean', SimpleImputer(), ['accommodates', 'bathrooms', 'beds', 'host_total_listings_count', 'latitude', 'longitude', 'minimum_nights', 'number_of_reviews', 'review_scores_rating'])]",False,None,"[('converter', FunctionTransformer(func=<function <lambda> at 0x7f937d65f310>)), ('imputers', ColumnTransformer(sparse_threshold=0,
                  transformers=[('impute_mean', SimpleImputer(),
                                 ['accommodates', ...",False,"Pipeline(steps=[('imputers',
                 ColumnTransformer(remainder='passthrough', sparse_threshold=0,
                                   transformers=[])),
                ('one_hot_encoder', OneHotEncoder(handle_unknown='ignore'))])","ColumnTransformer(remainder='passthrough', sparse_threshold=0, transformers=[])",None,passthrough,0,None,[],False,None,OneHotEncoder(handle_unknown='ignore'),auto,None,<class 'numpy.float64'>,ignore,True,"[('imputers', ColumnTransformer(remainder='passthrough', sparse_threshold=0, transformers=[])), ('one_hot_encoder', OneHotEncoder(handle_unknown='ignore'))]",False,passthrough,0,None,"[('numerical', Pipeline(steps=[('converter',
                 FunctionTransformer(func=<function <lambda> at 0x7f937d65f310>)),
                ('imputers',
                 ColumnTransformer(sparse_threshold=0,
                                   ...",False,"SGDRegressor(alpha=0.00036628641298698734, epsilon=0.046750242737598674,
             eta0=0.00041957305820343243, learning_rate='adaptive',
             loss='huber', random_state=921183954, tol=0.02307783865914116)",0.00036628641298698734,False,,,,,,,,,,,False,,0.046750242737598674,0.00041957305820343243,True,,,,,0.15,,,adaptive,huber,,,,,1000,,,,,,,,,,,,,,5,,,,,,l2,0.25,,921183954,,,,True,,,,,,0.02307783865914116,,,0.1,0,,False,StandardScaler(),True,True,True,"[('column_selector', ColumnSelector(cols=['review_scores_value', 'review_scores_checkin',
                     'bathrooms_na', 'review_scores_location',
                     'instant_bookable', 'bathrooms', 'review_scores_rating_na',
             ...",False,219.92535169147044,194906.36747637007,-0.3300629318163171,441.4820126306054,-0.3300629318163171,214.4350768655913,152486.7960715929,-0.43174182823034757,390.4955775314144,-0.43174182823034757,210.64827183940082,139291.31408206286,-0.4674814575446904,373.2175157760724,-0.4674814575446904,sklearn.pipeline.Pipeline,Pipeline
2022-09-02 12:24:50,4.8s,50c68784e71144639c0b83adb4bee898,sgd_regression,NOTEBOOK,Notebook: SGDRegression,manujkumar.joshi@celebaltech.com,FINISHED,"ColumnSelector(cols=['review_scores_value', 'review_scores_checkin',
                     'bathrooms_na', 'review_scores_location',
                     'instant_bookable', 'bathrooms', 'review_scores_rating_na',
                     'beds_na', 'h...","['review_scores_value', 'review_scores_checkin', 'bathrooms_na', 'review_scores_location', 'instant_bookable', 'bathrooms', 'review_scores_rating_na', 'beds_na', 'host_is_superhost', 'neighbourhood_cleansed', 'beds', 'review_scores_cleanliness_na'...",None,"ColumnTransformer(remainder='passthrough', sparse_threshold=0,
                  transformers=[('numerical',
                                 Pipeline(steps=[('converter',
                                                  FunctionTransformer(func=...",None,"Pipeline(steps=[('converter',
                 FunctionTransformer(func=<function <lambda> at 0x7f037459ad30>)),
                ('imputers',
                 ColumnTransformer(sparse_threshold=0,
                                   transformers=[(...",FunctionTransformer(func=<function <lambda> at 0x7f037459ad30>),False,True,<function <lambda> at 0x7f037459ad30>,None,None,None,False,"ColumnTransformer(sparse_threshold=0,
                  transformers=[('impute_mean', SimpleImputer(),
                                 ['accommodates', 'bathrooms', 'beds',
                                  'host_total_listings_count', 'latitude'...",SimpleImputer(),False,True,None,nan,mean,0,None,drop,0,None,"[('impute_mean', SimpleImputer(), ['accommodates', 'bathrooms', 'beds', 'host_total_listings_count', 'latitude', 'longitude', 'minimum_nights', 'number_of_reviews', 'review_scores_rating'])]",False,None,"[('converter', FunctionTransformer(func=<function <lambda> at 0x7f037459ad30>)), ('imputers', ColumnTransformer(sparse_threshold=0,
                  transformers=[('impute_mean', SimpleImputer(),
                                 ['accommodates', ...",False,"Pipeline(steps=[('imputers',
                 ColumnTransformer(remainder='passthrough', sparse_threshold=0,
                                   transformers=[])),
                ('one_hot_encoder', OneHotEncoder(handle_unknown='ignore'))])","ColumnTransformer(remainder='passthrough', sparse_threshold=0, transformers=[])",None,passthrough,0,None,[],False,None,OneHotEncoder(handle_unknown='ignore'),auto,None,<class 'numpy.float64'>,ignore,True,"[('imputers', ColumnTransformer(remainder='passthrough', sparse_threshold=0, transformers=[])), ('one_hot_encoder', OneHotEncoder(handle_unknown='ignore'))]",False,passthrough,0,None,"[('numerical', Pipeline(steps=[('converter',
                 FunctionTransformer(func=<function <lambda> at 0x7f037459ad30>)),
                ('imputers',
                 ColumnTransformer(sparse_threshold=0,
                                   ...",False,"SGDRegressor(alpha=0.015284830338290707, epsilon=6.356690320855476e-05,
             eta0=2.4845908968242797e-05, loss='huber',
             power_t=0.00014080585492567277, random_state=921183954,
             tol=0.06190348370245519)",0.015284830338290707,False,,,,,,,,,,,False,,6.356690320855476e-05,2.4845908968242797e-05,True,,,,,0.15,,,invscaling,huber,,,,,1000,,,,,,,,,,,,,,5,,,,,,l2,0.00014080585492567277,,921183954,,,,True,,,,,,0.06190348370245519,,,0.1,0,,False,StandardScaler(),True,True,True,"[('column_selector', ColumnSelector(cols=['review_scores_value', 'review_scores_checkin',
                     'bathrooms_na', 'review_scores_location',
                     'instant_bookable', 'bathrooms', 'review_scores_rating_na',
             ...",False,220.41879271061163,195123.65132128517,-0.33154570116626747,441.7280286797354,-0.33154570116626747,214.9285179991815,152698.66205283778,-0.43373109808939136,390.7667617042649,-0.43373109808939136,211.14171304383487,139499.4424803435,-0.46967416114059035,373.4962415879757,-0.46967416114059035,sklearn.pipeline.Pipeline,Pipeline
2022-09-02 12:22:54,8.9s,def642e0933d428fb119552b06fc776b,lightgbm,NOTEBOOK,Notebook: LightGBM,manujkumar.joshi@celebaltech.com,FINISHED,"ColumnSelector(cols=['review_scores_value', 'review_scores_checkin',
                     'bathrooms_na', 'review_scores_location',
                     'instant_bookable', 'bathrooms', 'review_scores_rating_na',
                     'beds_na', 'h...","['review_scores_value', 'review_scores_checkin', 'bathrooms_na', 'review_scores_location', 'instant_bookable', 'bathrooms', 'review_scores_rating_na', 'beds_na', 'host_is_superhost', 'neighbourhood_cleansed', 'beds', 'review_scores_cleanliness_na'...",None,"ColumnTransformer(remainder='passthrough', sparse_threshold=0,
                  transformers=[('numerical',
                                 Pipeline(steps=[('converter',
                                                  FunctionTransformer(func=...",None,"Pipeline(steps=[('converter',
                 FunctionTransformer(func=<function <lambda> at 0x7fd59bc80d30>)),
                ('imputers',
                 ColumnTransformer(sparse_threshold=0,
                                   transformers=[(...",FunctionTransformer(func=<function <lambda> at 0x7fd59bc80d30>),False,True,<function <lambda> at 0x7fd59bc80d30>,None,None,None,False,"ColumnTransformer(sparse_threshold=0,
                  transformers=[('impute_mean', SimpleImputer(),
                                 ['accommodates', 'bathrooms', 'beds',
                                  'host_total_listings_count', 'latitude'...",SimpleImputer(),False,True,None,nan,mean,0,None,drop,0,None,"[('impute_mean', SimpleImputer(), ['accommodates', 'bathrooms', 'beds', 'host_total_listings_count', 'latitude', 'longitude', 'minimum_nights', 'number_of_reviews', 'review_scores_rating'])]",False,None,"[('converter', FunctionTransformer(func=<function <lambda> at 0x7fd59bc80d30>)), ('imputers', ColumnTransformer(sparse_threshold=0,
                  transformers=[('impute_mean', SimpleImputer(),
                                 ['accommodates', ...",False,"Pipeline(steps=[('imputers',
                 ColumnTransformer(remainder='passthrough', sparse_threshold=0,
                                   transformers=[])),
                ('one_hot_encoder', OneHotEncoder(handle_unknown='ignore'))])","ColumnTransformer(remainder='passthrough', sparse_threshold=0, transformers=[])",None,passthrough,0,None,[],False,None,OneHotEncoder(handle_unknown='ignore'),auto,None,<class 'numpy.float64'>,ignore,True,"[('imputers', ColumnTransformer(remainder='passthrough', sparse_threshold=0, transformers=[])), ('one_hot_encoder', OneHotEncoder(handle_unknown='ignore'))]",False,passthrough,0,None,"[('numerical', Pipeline(steps=[('converter',
                 FunctionTransformer(func=<function <lambda> at 0x7fd59bc80d30>)),
                ('imputers',
                 ColumnTransformer(sparse_threshold=0,
                                   ...",False,"LGBMRegressor(colsample_bytree=0.5611958304989836, lambda_l1=121.44512475465368,
              lambda_l2=54.09821493288544, learning_rate=3.895896003293447,
              max_bin=399, max_depth=8, min_child_samples=79, n_estimators=18,
           ...",,,,,gbdt,,,None,,,0.5611958304989836,,,,,,,,,split,,,121.44512475465368,54.09821493288544,3.895896003293447,,399,,8,,,,,79,0.001,,,,,0.0,,,,18,,-1,114,,None,,,,,921183954,0.0,0.0,,,warn,,0.5239400164147472,200000,0,,,,,,,,StandardScaler(),True,True,True,"[('column_selector', ColumnSelector(cols=['review_scores_value', 'review_scores_checkin',
                     'bathrooms_na', 'review_scores_location',
                     'instant_bookable', 'bathrooms', 'review_scores_rating_na',
             ...",False,276.62293175083187,237836.21881229643,-0.6230210566309076,487.68454846580534,-0.6230210566309076,253.69261983087083,167721.449718971,-0.5747843173342071,409.53809312318066,-0.5747843173342071,262.19519441739885,166824.1955441524,-0.7575497456117304,408.44117758148775,-0.7575497456117304,sklearn.pipeline.Pipeline,Pipeline
2022-09-02 12:24:18,5.4s,c732cb33dc9f4ca5acd95873ff60ed6e,xgboost,NOTEBOOK,Notebook: XGBoostRegressor,manujkumar.joshi@celebaltech.com,FINISHED,"ColumnSelector(cols=['review_scores_value', 'review_scores_checkin',
                     'bathrooms_na', 'review_scores_location',
                     'instant_bookable', 'bathrooms', 'review_scores_rating_na',
                     'beds_na', 'h...","['review_scores_value', 'review_scores_checkin', 'bathrooms_na', 'review_scores_location', 'instant_bookable', 'bathrooms', 'review_scores_rating_na', 'beds_na', 'host_is_superhost', 'neighbourhood_cleansed', 'beds', 'review_scores_cleanliness_na'...",None,"ColumnTransformer(remainder='passthrough', sparse_threshold=0,
                  transformers=[('numerical',
                                 Pipeline(steps=[('converter',
                                                  FunctionTransformer(func=...",None,"Pipeline(steps=[('converter',
                 FunctionTransformer(func=<function <lambda> at 0x7f14f2a91280>)),
                ('imputers',
                 ColumnTransformer(sparse_threshold=0,
                                   transformers=[(...",FunctionTransformer(func=<function <lambda> at 0x7f14f2a91280>),False,True,<function <lambda> at 0x7f14f2a91280>,None,None,None,False,"ColumnTransformer(sparse_threshold=0,
                  transformers=[('impute_mean', SimpleImputer(),
                                 ['accommodates', 'bathrooms', 'beds',
                                  'host_total_listings_count', 'latitude'...",SimpleImputer(),False,True,None,nan,mean,0,None,drop,0,None,"[('impute_mean', SimpleImputer(), ['accommodates', 'bathrooms', 'beds', 'host_total_listings_count', 'latitude', 'longitude', 'minimum_nights', 'number_of_reviews', 'review_scores_rating'])]",False,None,"[('converter', FunctionTransformer(func=<function <lambda> at 0x7f14f2a91280>)), ('imputers', ColumnTransformer(sparse_threshold=0,
                  transformers=[('impute_mean', SimpleImputer(),
                                 ['accommodates', ...",False,"Pipeline(steps=[('imputers',
                 ColumnTransformer(remainder='passthrough', sparse_threshold=0,
                                   transformers=[])),
                ('one_hot_encoder', OneHotEncoder(handle_unknown='ignore'))])","ColumnTransformer(remainder='passthrough', sparse_threshold=0, transformers=[])",None,passthrough,0,None,[],False,None,OneHotEncoder(handle_unknown='ignore'),auto,None,<class 'numpy.float64'>,ignore,True,"[('imputers', ColumnTransformer(remainder='passthrough', sparse_threshold=0, transformers=[])), ('one_hot_encoder', OneHotEncoder(handle_unknown='ignore'))]",False,passthrough,0,None,"[('numerical', Pipeline(steps=[('converter',
                 FunctionTransformer(func=<function <lambda> at 0x7f14f2a91280>)),
                ('imputers',
                 ColumnTransformer(sparse_threshold=0,
                                   ...",False,"XGBRegressor(base_score=None, booster=None, colsample_bylevel=None,
             colsample_bynode=None, colsample_bytree=0.3389533598017842,
             enable_categorical=False, gamma=None, gpu_id=None,
             importance_type=None, interac...",,,None,None,,,,,None,None,0.3389533598017842,,,False,,,,None,None,None,None,,,,2.5263052283490097,,,None,2,,,,,,2,,,,,,,nan,None,19,,100,,None,reg:squarederror,,,,None,921183954,None,None,None,,,,0.6720996036420123,,,,None,None,,,0,,StandardScaler(),True,True,True,"[('column_selector', ColumnSelector(cols=['review_scores_value', 'review_scores_checkin',
                     'bathrooms_na', 'review_scores_location',
                     'instant_bookable', 'bathrooms', 'review_scores_rating_na',
             ...",False,379.4237362033139,322941.40416462143,-1.2037883953696378,568.2793363871516,-1.2037883953696378,361.9773862196368,229537.06308668328,-1.1551886643093763,479.10026412712745,-1.1551886643093763,374.89904837909194,278776.33933988103,-1.9370037283332895,527.9927455371721,-1.9370037283332895,sklearn.pipeline.Pipeline,Pipeline
2022-09-02 12:22:23,0.7s,64d00849c1dd4f699361989d8444f74c,Training Data Storage and Analysis,NOTEBOOK,Notebook: DataExploration,manujkumar.joshi@celebaltech.com,FINISHED,,,,,,,,,,,,,,,,,,,,,,,,,,,,,,,,,,,,,,,,,,,,,,,,,,,,,,,,,,,,,,,,,,,,,,,,,,,,,,,,,,,,,,,,,,,,,,,,,,,,,,,,,,,,,,,,,,,,,,,,,,,,,,,,,,,,,,,,,,,,,,,,,,,
